	Plate	Well	Well Number	Frames	Original Gene Target	Plate_Map_Name	Gene_Replicate	Site	DNA
0	LT0010_27	H5	173	83	RAB21	LT0010_27_173	1	1	LT0010_27/LT0010_27_173_83.tif
1	LT0013_38	B18	42	75	KIF14	LT0013_38_42	1	1	LT0013_38/LT0013_38_42_75.tif
2	LT0013_38	B18	42	95	KIF14	LT0013_38_42	1	1	LT0013_38/LT0013_38_42_95.tif
3	LT0017_19	P5	365	65	KIF20A	LT0017_19_365	1	1	LT0017_19/LT0017_19_365_65.tif
4	LT0019_06	F20	140	70	DDOST	LT0019_06_140	1	1	LT0019_06/LT0019_06_140_70.tif
5	LT0027_44	M4	292	88	CDK4	LT0027_44_292	1	1	LT0027_44/LT0027_44_292_88.tif
6	LT0027_44	M4	292	95	CDK4	LT0027_44_292	1	1	LT0027_44/LT0027_44_292_95.tif
7	LT0038_27	K10	250	8	BUB1B	LT0038_27_250	1	1	LT0038_27/LT0038_27_250_8.tif
8	LT0042_10	F24	144	36	POLG	LT0042_10_144	1	1	LT0042_10/LT0042_10_144_36.tif
9	LT0042_10	F24	144	50	POLG	LT0042_10_144	1	1	LT0042_10/LT0042_10_144_50.tif
10	LT0042_10	B20	44	28	CGI-63	LT0042_10_44	1	1	LT0042_10/LT0042_10_44_28.tif
11	LT0043_48	G22	166	44	OGG1	LT0043_48_166	1	1	LT0043_48/LT0043_48_166_44.tif
12	LT0043_48	G22	166	47	OGG1	LT0043_48_166	1	1	LT0043_48/LT0043_48_166_47.tif
13	LT0043_48	G22	166	52	OGG1	LT0043_48_166	1	1	LT0043_48/LT0043_48_166_52.tif
14	LT0043_48	G22	166	71	OGG1	LT0043_48_166	1	1	LT0043_48/LT0043_48_166_71.tif
15	LT0043_48	G22	166	79	OGG1	LT0043_48_166	1	1	LT0043_48/LT0043_48_166_79.tif
16	LT0043_48	G22	166	84	OGG1	LT0043_48_166	1	1	LT0043_48/LT0043_48_166_84.tif
17	LT0048_13	C21	69	72	TOP1	LT0048_13_69	1	1	LT0048_13/LT0048_13_69_72.tif
18	LT0065_04	A20	20	49	CDCA8	LT0065_04_20	1	1	LT0065_04/LT0065_04_20_49.tif
19	LT0065_04	A20	20	72	CDCA8	LT0065_04_20	1	1	LT0065_04/LT0065_04_20_72.tif
20	LT0093_13	G3	147	77	ENSG00000173227	LT0093_13_147	1	1	LT0093_13/LT0093_13_147_77.tif
21	LT0100_03	D21	93	37	ENSG00000148826	LT0100_03_93	1	1	LT0100_03/LT0100_03_93_37.tif
22	LT0100_03	D21	93	84	ENSG00000148826	LT0100_03_93	1	1	LT0100_03/LT0100_03_93_84.tif
23	LT0105_04	F24	144	93	ENSG00000139974	LT0105_04_144	1	1	LT0105_04/LT0105_04_144_93.tif
24	LT0109_38	O13	349	69	Eg5	LT0109_38_349	1	1	LT0109_38/LT0109_38_349_69.tif
25	LT0149_01	G10	154	81	ENSG00000180225	LT0149_01_154	1	1	LT0149_01/LT0149_01_154_81.tif
26	LT0149_05	G10	154	81	ENSG00000180225	LT0149_05_154	1	1	LT0149_05/LT0149_05_154_81.tif
27	LT0157_04	A5	5	2	ENSG00000175216	LT0157_04_5	1	1	LT0157_04/LT0157_04_5_2.tif
28	LT0157_04	A5	5	17	ENSG00000175216	LT0157_04_5	1	1	LT0157_04/LT0157_04_5_17.tif
29	LT0157_04	A5	5	61	ENSG00000175216	LT0157_04_5	1	1	LT0157_04/LT0157_04_5_61.tif
30	LT0013_42	E11	107	23	TUBB2	LT0013_42_107	1	1	LT0013_42/LT0013_42_107_23.tif
31	LT0013_42	E11	107	28	TUBB2	LT0013_42_107	1	1	LT0013_42/LT0013_42_107_28.tif
32	LT0013_42	E11	107	39	TUBB2	LT0013_42_107	1	1	LT0013_42/LT0013_42_107_39.tif
33	LT0013_42	E11	107	52	TUBB2	LT0013_42_107	1	1	LT0013_42/LT0013_42_107_52.tif
34	LT0013_42	E11	107	63	TUBB2	LT0013_42_107	1	1	LT0013_42/LT0013_42_107_63.tif
35	LT0013_42	E11	107	76	TUBB2	LT0013_42_107	1	1	LT0013_42/LT0013_42_107_76.tif
36	LT0023_04	A5	5	8	MYST1	LT0023_04_5	1	1	LT0023_04/LT0023_04_5_8.tif
37	LT0030_17	C10	58	46	OR2H1	LT0030_17_58	1	1	LT0030_17/LT0030_17_58_46.tif
38	LT0035_06	L10	274	4	PAPPA	LT0035_06_274	1	1	LT0035_06/LT0035_06_274_4.tif
39	LT0035_06	L10	274	21	PAPPA	LT0035_06_274	1	1	LT0035_06/LT0035_06_274_21.tif
40	LT0035_06	L10	274	40	PAPPA	LT0035_06_274	1	1	LT0035_06/LT0035_06_274_40.tif
41	LT0043_48	G22	166	55	OGG1	LT0043_48_166	1	1	LT0043_48/LT0043_48_166_55.tif
42	LT0047_27	F20	140	68	DNCH1	LT0047_27_140	1	1	LT0047_27/LT0047_27_140_68.tif
43	LT0047_27	F20	140	75	DNCH1	LT0047_27_140	1	1	LT0047_27/LT0047_27_140_75.tif
44	LT0047_27	F20	140	84	DNCH1	LT0047_27_140	1	1	LT0047_27/LT0047_27_140_84.tif
45	LT0047_27	F20	140	89	DNCH1	LT0047_27_140	1	1	LT0047_27/LT0047_27_140_89.tif
46	LT0047_27	F20	140	94	DNCH1	LT0047_27_140	1	1	LT0047_27/LT0047_27_140_94.tif
47	LT0048_14	N23	335	1	PLK1	LT0048_14_335	1	1	LT0048_14/LT0048_14_335_1.tif
48	LT0048_14	N23	335	13	PLK1	LT0048_14_335	1	1	LT0048_14/LT0048_14_335_13.tif
49	LT0048_14	N23	335	29	PLK1	LT0048_14_335	1	1	LT0048_14/LT0048_14_335_29.tif
50	LT0048_14	N23	335	56	PLK1	LT0048_14_335	1	1	LT0048_14/LT0048_14_335_56.tif
51	LT0048_14	N23	335	75	PLK1	LT0048_14_335	1	1	LT0048_14/LT0048_14_335_75.tif
52	LT0064_14	A3	3	22	TPX2	LT0064_14_3	1	1	LT0064_14/LT0064_14_3_22.tif
53	LT0064_14	A3	3	27	TPX2	LT0064_14_3	1	1	LT0064_14/LT0064_14_3_27.tif
54	LT0064_14	A3	3	54	TPX2	LT0064_14_3	1	1	LT0064_14/LT0064_14_3_54.tif
55	LT0066_19	L23	287	1	ch-TOG	LT0066_19_287	1	1	LT0066_19/LT0066_19_287_1.tif
56	LT0066_19	L23	287	9	ch-TOG	LT0066_19_287	1	1	LT0066_19/LT0066_19_287_9.tif
57	LT0066_19	L23	287	14	ch-TOG	LT0066_19_287	1	1	LT0066_19/LT0066_19_287_14.tif
58	LT0066_19	L23	287	22	ch-TOG	LT0066_19_287	1	1	LT0066_19/LT0066_19_287_22.tif
59	LT0066_19	L23	287	48	ch-TOG	LT0066_19_287	1	1	LT0066_19/LT0066_19_287_48.tif
60	LT0094_01	N7	319	66	ENSG00000177426	LT0094_01_319	1	1	LT0094_01/LT0094_01_319_66.tif
61	LT0094_04	N7	319	61	ENSG00000177426	LT0094_04_319	1	1	LT0094_04/LT0094_04_319_61.tif
62	LT0101_01	L13	277	66	failed QC	LT0101_01_277	1	1	LT0101_01/LT0101_01_277_66.tif
63	LT0101_01	L13	277	74	failed QC	LT0101_01_277	1	1	LT0101_01/LT0101_01_277_74.tif
64	LT0109_38	O13	349	25	Eg5	LT0109_38_349	1	1	LT0109_38/LT0109_38_349_25.tif
65	LT0109_38	O13	349	88	Eg5	LT0109_38_349	1	1	LT0109_38/LT0109_38_349_88.tif
66	LT0109_38	O2	338	7	Eg5	LT0109_38_338	1	1	LT0109_38/LT0109_38_338_7.tif
67	LT0109_38	O2	338	27	Eg5	LT0109_38_338	1	1	LT0109_38/LT0109_38_338_27.tif
68	LT0109_38	O2	338	31	Eg5	LT0109_38_338	1	1	LT0109_38/LT0109_38_338_31.tif
69	LT0109_38	O2	338	80	Eg5	LT0109_38_338	1	1	LT0109_38/LT0109_38_338_80.tif
70	LT0132_31	C5	53	33	ENSG00000123416	LT0132_31_53	1	1	LT0132_31/LT0132_31_53_33.tif
71	LT0132_31	C5	53	37	ENSG00000123416	LT0132_31_53	1	1	LT0132_31/LT0132_31_53_37.tif
72	LT0132_31	C5	53	42	ENSG00000123416	LT0132_31_53	1	1	LT0132_31/LT0132_31_53_42.tif
73	LT0132_31	C5	53	51	ENSG00000123416	LT0132_31_53	1	1	LT0132_31/LT0132_31_53_51.tif
74	LT0132_31	C5	53	63	ENSG00000123416	LT0132_31_53	1	1	LT0132_31/LT0132_31_53_63.tif
75	LT0157_04	A5	5	78	ENSG00000175216	LT0157_04_5	1	1	LT0157_04/LT0157_04_5_78.tif
76	LT0014_12	G15	159	70	TFR2	LT0014_12_159	1	1	LT0014_12/LT0014_12_159_70.tif
77	LT0065_06	C6	54	93	CENPE	LT0065_06_54	1	1	LT0065_06/LT0065_06_54_93.tif
78	LT0066_19	L23	287	75	ch-TOG	LT0066_19_287	1	1	LT0066_19/LT0066_19_287_75.tif
79	LT0066_19	L23	287	87	ch-TOG	LT0066_19_287	1	1	LT0066_19/LT0066_19_287_87.tif
80	LT0066_19	L23	287	93	ch-TOG	LT0066_19_287	1	1	LT0066_19/LT0066_19_287_93.tif
81	LT0084_46	A3	3	56	ENSG00000138180	LT0084_46_3	1	1	LT0084_46/LT0084_46_3_56.tif
82	LT0084_46	A3	3	80	ENSG00000138180	LT0084_46_3	1	1	LT0084_46/LT0084_46_3_80.tif
83	LT0091_30	H1	169	43	ENSG00000165675	LT0091_30_169	1	1	LT0091_30/LT0091_30_169_43.tif
84	LT0157_04	A5	5	47	ENSG00000175216	LT0157_04_5	1	1	LT0157_04/LT0157_04_5_47.tif
85	LT0013_38	B18	42	47	KIF14	LT0013_38_42	1	1	LT0013_38/LT0013_38_42_47.tif
86	LT0014_12	G15	159	77	TFR2	LT0014_12_159	1	1	LT0014_12/LT0014_12_159_77.tif
87	LT0014_12	G15	159	93	TFR2	LT0014_12_159	1	1	LT0014_12/LT0014_12_159_93.tif
88	LT0019_06	F20	140	83	DDOST	LT0019_06_140	1	1	LT0019_06/LT0019_06_140_83.tif
89	LT0023_04	A5	5	30	MYST1	LT0023_04_5	1	1	LT0023_04/LT0023_04_5_30.tif
90	LT0023_04	A5	5	87	MYST1	LT0023_04_5	1	1	LT0023_04/LT0023_04_5_87.tif
91	LT0026_22	K18	258	25	LCK	LT0026_22_258	1	1	LT0026_22/LT0026_22_258_25.tif
92	LT0027_44	M4	292	92	CDK4	LT0027_44_292	1	1	LT0027_44/LT0027_44_292_92.tif
93	LT0028_14	F9	129	17	CDKL5	LT0028_14_129	1	1	LT0028_14/LT0028_14_129_17.tif
94	LT0028_14	F9	129	55	CDKL5	LT0028_14_129	1	1	LT0028_14/LT0028_14_129_55.tif
95	LT0038_08	K10	250	54	BUB1B	LT0038_08_250	1	1	LT0038_08/LT0038_08_250_54.tif
96	LT0039_45	L17	281	26	BBOX1	LT0039_45_281	1	1	LT0039_45/LT0039_45_281_26.tif
97	LT0039_45	L17	281	27	BBOX1	LT0039_45_281	1	1	LT0039_45/LT0039_45_281_27.tif
98	LT0039_45	L17	281	32	BBOX1	LT0039_45_281	1	1	LT0039_45/LT0039_45_281_32.tif
99	LT0043_48	G22	166	36	OGG1	LT0043_48_166	1	1	LT0043_48/LT0043_48_166_36.tif
100	LT0043_48	G22	166	64	OGG1	LT0043_48_166	1	1	LT0043_48/LT0043_48_166_64.tif
101	LT0043_48	G22	166	74	OGG1	LT0043_48_166	1	1	LT0043_48/LT0043_48_166_74.tif
102	LT0044_36	K9	249	46	WEE1	LT0044_36_249	1	1	LT0044_36/LT0044_36_249_46.tif
103	LT0046_19	O20	356	57	RAB8A	LT0046_19_356	1	1	LT0046_19/LT0046_19_356_57.tif
104	LT0046_19	O20	356	92	RAB8A	LT0046_19_356	1	1	LT0046_19/LT0046_19_356_92.tif
105	LT0048_13	C21	69	7	TOP1	LT0048_13_69	1	1	LT0048_13/LT0048_13_69_7.tif
106	LT0048_13	C21	69	14	TOP1	LT0048_13_69	1	1	LT0048_13/LT0048_13_69_14.tif
107	LT0089_01	H7	175	44	ENSG00000159763	LT0089_01_175	1	1	LT0089_01/LT0089_01_175_44.tif
108	LT0091_30	H1	169	5	ENSG00000165675	LT0091_30_169	1	1	LT0091_30/LT0091_30_169_5.tif
109	LT0098_13	A21	21	21	ENSG00000110675	LT0098_13_21	1	1	LT0098_13/LT0098_13_21_21.tif
110	LT0098_13	A21	21	77	ENSG00000110675	LT0098_13_21	1	1	LT0098_13/LT0098_13_21_77.tif
111	LT0100_03	D21	93	56	ENSG00000148826	LT0100_03_93	1	1	LT0100_03/LT0100_03_93_56.tif
112	LT0106_02	L23	287	1	ENSG00000186143	LT0106_02_287	1	1	LT0106_02/LT0106_02_287_1.tif
113	LT0109_38	P21	381	66	COPB	LT0109_38_381	1	1	LT0109_38/LT0109_38_381_66.tif
114	LT0109_38	P21	381	87	COPB	LT0109_38_381	1	1	LT0109_38/LT0109_38_381_87.tif
115	LT0144_01	G22	166	27	ENSG00000179698	LT0144_01_166	1	1	LT0144_01/LT0144_01_166_27.tif
116	LT0144_01	G22	166	34	ENSG00000179698	LT0144_01_166	1	1	LT0144_01/LT0144_01_166_34.tif
117	LT0144_01	G22	166	50	ENSG00000179698	LT0144_01_166	1	1	LT0144_01/LT0144_01_166_50.tif
118	LT0144_01	G22	166	68	ENSG00000179698	LT0144_01_166	1	1	LT0144_01/LT0144_01_166_68.tif
119	LT0003_40	G5	149	83	failed QC	LT0003_40_149	1	1	LT0003_40/LT0003_40_149_83.tif
120	LT0012_29	K12	252	83	FLJ37464	LT0012_29_252	1	1	LT0012_29/LT0012_29_252_83.tif
121	LT0013_42	E11	107	83	TUBB2	LT0013_42_107	1	1	LT0013_42/LT0013_42_107_83.tif
122	LT0015_22	C21	69	61	ITGAV	LT0015_22_69	1	1	LT0015_22/LT0015_22_69_61.tif
123	LT0015_22	C21	69	62	ITGAV	LT0015_22_69	1	1	LT0015_22/LT0015_22_69_62.tif
124	LT0015_22	C21	69	89	ITGAV	LT0015_22_69	1	1	LT0015_22/LT0015_22_69_89.tif
125	LT0026_22	K18	258	67	LCK	LT0026_22_258	1	1	LT0026_22/LT0026_22_258_67.tif
126	LT0026_22	K18	258	85	LCK	LT0026_22_258	1	1	LT0026_22/LT0026_22_258_85.tif
127	LT0026_22	K18	258	95	LCK	LT0026_22_258	1	1	LT0026_22/LT0026_22_258_95.tif
128	LT0027_44	M4	292	47	CDK4	LT0027_44_292	1	1	LT0027_44/LT0027_44_292_47.tif
129	LT0030_17	H16	184	41	RGR	LT0030_17_184	1	1	LT0030_17/LT0030_17_184_41.tif
130	LT0038_01	K5	245	72	ZADH1	LT0038_01_245	1	1	LT0038_01/LT0038_01_245_72.tif
131	LT0038_08	K10	250	37	BUB1B	LT0038_08_250	1	1	LT0038_08/LT0038_08_250_37.tif
132	LT0039_45	L17	281	29	BBOX1	LT0039_45_281	1	1	LT0039_45/LT0039_45_281_29.tif
133	LT0041_32	F12	132	65	TRPV1	LT0041_32_132	1	1	LT0041_32/LT0041_32_132_65.tif
134	LT0041_32	F12	132	68	TRPV1	LT0041_32_132	1	1	LT0041_32/LT0041_32_132_68.tif
135	LT0041_32	F12	132	74	TRPV1	LT0041_32_132	1	1	LT0041_32/LT0041_32_132_74.tif
136	LT0048_13	C21	69	15	TOP1	LT0048_13_69	1	1	LT0048_13/LT0048_13_69_15.tif
137	LT0089_01	H7	175	60	ENSG00000159763	LT0089_01_175	1	1	LT0089_01/LT0089_01_175_60.tif
138	LT0089_01	H7	175	71	ENSG00000159763	LT0089_01_175	1	1	LT0089_01/LT0089_01_175_71.tif
139	LT0089_01	H7	175	93	ENSG00000159763	LT0089_01_175	1	1	LT0089_01/LT0089_01_175_93.tif
140	LT0090_33	P23	383	84	failed QC	LT0090_33_383	1	1	LT0090_33/LT0090_33_383_84.tif
141	LT0091_30	H1	169	21	ENSG00000165675	LT0091_30_169	1	1	LT0091_30/LT0091_30_169_21.tif
142	LT0094_01	N7	319	85	ENSG00000177426	LT0094_01_319	1	1	LT0094_01/LT0094_01_319_85.tif
143	LT0094_04	N7	319	73	ENSG00000177426	LT0094_04_319	1	1	LT0094_04/LT0094_04_319_73.tif
144	LT0094_04	N7	319	93	ENSG00000177426	LT0094_04_319	1	1	LT0094_04/LT0094_04_319_93.tif
145	LT0106_02	L23	287	19	ENSG00000186143	LT0106_02_287	1	1	LT0106_02/LT0106_02_287_19.tif
146	LT0138_03	F7	127	31	ENSG00000116641	LT0138_03_127	1	1	LT0138_03/LT0138_03_127_31.tif
147	LT0138_03	F7	127	51	ENSG00000116641	LT0138_03_127	1	1	LT0138_03/LT0138_03_127_51.tif
148	LT0138_03	F7	127	62	ENSG00000116641	LT0138_03_127	1	1	LT0138_03/LT0138_03_127_62.tif
149	LT0138_03	F7	127	75	ENSG00000116641	LT0138_03_127	1	1	LT0138_03/LT0138_03_127_75.tif
150	LT0023_04	A5	5	72	MYST1	LT0023_04_5	1	1	LT0023_04/LT0023_04_5_72.tif
151	LT0030_17	H16	184	36	RGR	LT0030_17_184	1	1	LT0030_17/LT0030_17_184_36.tif
152	LT0030_17	H16	184	39	RGR	LT0030_17_184	1	1	LT0030_17/LT0030_17_184_39.tif
153	LT0030_17	H16	184	46	RGR	LT0030_17_184	1	1	LT0030_17/LT0030_17_184_46.tif
154	LT0030_17	H16	184	50	RGR	LT0030_17_184	1	1	LT0030_17/LT0030_17_184_50.tif
155	LT0030_17	H16	184	59	RGR	LT0030_17_184	1	1	LT0030_17/LT0030_17_184_59.tif
156	LT0030_17	H16	184	87	RGR	LT0030_17_184	1	1	LT0030_17/LT0030_17_184_87.tif
157	LT0043_48	G22	166	45	OGG1	LT0043_48_166	1	1	LT0043_48/LT0043_48_166_45.tif
158	LT0043_48	G22	166	48	OGG1	LT0043_48_166	1	1	LT0043_48/LT0043_48_166_48.tif
159	LT0043_48	G22	166	56	OGG1	LT0043_48_166	1	1	LT0043_48/LT0043_48_166_56.tif
160	LT0043_48	G22	166	57	OGG1	LT0043_48_166	1	1	LT0043_48/LT0043_48_166_57.tif
161	LT0090_33	P23	383	60	failed QC	LT0090_33_383	1	1	LT0090_33/LT0090_33_383_60.tif
162	LT0090_33	P23	383	72	failed QC	LT0090_33_383	1	1	LT0090_33/LT0090_33_383_72.tif
163	LT0090_33	P23	383	92	failed QC	LT0090_33_383	1	1	LT0090_33/LT0090_33_383_92.tif
164	LT0014_12	G15	159	59	TFR2	LT0014_12_159	1	1	LT0014_12/LT0014_12_159_59.tif
165	LT0028_14	F9	129	27	CDKL5	LT0028_14_129	1	1	LT0028_14/LT0028_14_129_27.tif
166	LT0028_14	F9	129	31	CDKL5	LT0028_14_129	1	1	LT0028_14/LT0028_14_129_31.tif
167	LT0030_17	C10	58	37	OR2H1	LT0030_17_58	1	1	LT0030_17/LT0030_17_58_37.tif
168	LT0030_17	C10	58	50	OR2H1	LT0030_17_58	1	1	LT0030_17/LT0030_17_58_50.tif
169	LT0030_17	C10	58	52	OR2H1	LT0030_17_58	1	1	LT0030_17/LT0030_17_58_52.tif
170	LT0032_01	F17	137	30	MAP2K1IP1	LT0032_01_137	1	1	LT0032_01/LT0032_01_137_30.tif
171	LT0032_01	F17	137	44	MAP2K1IP1	LT0032_01_137	1	1	LT0032_01/LT0032_01_137_44.tif
172	LT0032_01	F17	137	49	MAP2K1IP1	LT0032_01_137	1	1	LT0032_01/LT0032_01_137_49.tif
173	LT0094_04	N7	319	5	ENSG00000177426	LT0094_04_319	1	1	LT0094_04/LT0094_04_319_5.tif
174	LT0094_04	N7	319	7	ENSG00000177426	LT0094_04_319	1	1	LT0094_04/LT0094_04_319_7.tif
175	LT0094_44	N7	319	57	ENSG00000177426	LT0094_44_319	1	1	LT0094_44/LT0094_44_319_57.tif
176	LT0138_03	F7	127	30	ENSG00000116641	LT0138_03_127	1	1	LT0138_03/LT0138_03_127_30.tif
177	LT0138_03	F7	127	35	ENSG00000116641	LT0138_03_127	1	1	LT0138_03/LT0138_03_127_35.tif
178	LT0138_03	F7	127	44	ENSG00000116641	LT0138_03_127	1	1	LT0138_03/LT0138_03_127_44.tif
179	LT0027_44	M4	292	65	CDK4	LT0027_44_292	1	1	LT0027_44/LT0027_44_292_65.tif
180	LT0027_44	M4	292	80	CDK4	LT0027_44_292	1	1	LT0027_44/LT0027_44_292_80.tif
181	LT0038_01	K5	245	81	ZADH1	LT0038_01_245	1	1	LT0038_01/LT0038_01_245_81.tif
182	LT0039_45	F16	136	53	MAPKAPK5	LT0039_45_136	1	1	LT0039_45/LT0039_45_136_53.tif
183	LT0039_45	F16	136	62	MAPKAPK5	LT0039_45_136	1	1	LT0039_45/LT0039_45_136_62.tif
184	LT0044_02	F19	139	73	SLC12A5	LT0044_02_139	1	1	LT0044_02/LT0044_02_139_73.tif
185	LT0094_01	N7	319	34	ENSG00000177426	LT0094_01_319	1	1	LT0094_01/LT0094_01_319_34.tif
186	LT0094_01	N7	319	36	ENSG00000177426	LT0094_01_319	1	1	LT0094_01/LT0094_01_319_36.tif
187	LT0094_01	N7	319	38	ENSG00000177426	LT0094_01_319	1	1	LT0094_01/LT0094_01_319_38.tif
188	LT0094_01	N7	319	46	ENSG00000177426	LT0094_01_319	1	1	LT0094_01/LT0094_01_319_46.tif
189	LT0094_01	N7	319	60	ENSG00000177426	LT0094_01_319	1	1	LT0094_01/LT0094_01_319_60.tif
190	LT0094_04	N7	319	66	ENSG00000177426	LT0094_04_319	1	1	LT0094_04/LT0094_04_319_66.tif
191	LT0094_04	N7	319	89	ENSG00000177426	LT0094_04_319	1	1	LT0094_04/LT0094_04_319_89.tif
192	LT0094_44	N7	319	74	ENSG00000177426	LT0094_44_319	1	1	LT0094_44/LT0094_44_319_74.tif
193	LT0106_02	L23	287	6	ENSG00000186143	LT0106_02_287	1	1	LT0106_02/LT0106_02_287_6.tif
194	LT0106_02	L23	287	33	ENSG00000186143	LT0106_02_287	1	1	LT0106_02/LT0106_02_287_33.tif
195	LT0012_25	O13	349	83	failed QC	LT0012_25_349	1	1	LT0012_25/LT0012_25_349_83.tif
196	LT0017_19	P5	365	83	KIF20A	LT0017_19_365	1	1	LT0017_19/LT0017_19_365_83.tif
197	LT0017_19	P5	365	93	KIF20A	LT0017_19_365	1	1	LT0017_19/LT0017_19_365_93.tif
198	LT0023_04	A5	5	50	MYST1	LT0023_04_5	1	1	LT0023_04/LT0023_04_5_50.tif
199	LT0023_04	A5	5	51	MYST1	LT0023_04_5	1	1	LT0023_04/LT0023_04_5_51.tif
200	LT0023_04	A5	5	64	MYST1	LT0023_04_5	1	1	LT0023_04/LT0023_04_5_64.tif
201	LT0026_22	K18	258	37	LCK	LT0026_22_258	1	1	LT0026_22/LT0026_22_258_37.tif
202	LT0027_44	B6	30	58	ECT2	LT0027_44_30	1	1	LT0027_44/LT0027_44_30_58.tif
203	LT0027_44	B6	30	74	ECT2	LT0027_44_30	1	1	LT0027_44/LT0027_44_30_74.tif
204	LT0027_44	B6	30	86	ECT2	LT0027_44_30	1	1	LT0027_44/LT0027_44_30_86.tif
205	LT0027_44	B6	30	95	ECT2	LT0027_44_30	1	1	LT0027_44/LT0027_44_30_95.tif
206	LT0028_14	F9	129	66	CDKL5	LT0028_14_129	1	1	LT0028_14/LT0028_14_129_66.tif
207	LT0028_14	F9	129	91	CDKL5	LT0028_14_129	1	1	LT0028_14/LT0028_14_129_91.tif
208	LT0038_08	K10	250	80	BUB1B	LT0038_08_250	1	1	LT0038_08/LT0038_08_250_80.tif
209	LT0042_10	F24	144	88	POLG	LT0042_10_144	1	1	LT0042_10/LT0042_10_144_88.tif
210	LT0046_19	O20	356	67	RAB8A	LT0046_19_356	1	1	LT0046_19/LT0046_19_356_67.tif
211	LT0065_04	A20	20	57	CDCA8	LT0065_04_20	1	1	LT0065_04/LT0065_04_20_57.tif
212	LT0065_04	A20	20	92	CDCA8	LT0065_04_20	1	1	LT0065_04/LT0065_04_20_92.tif
213	LT0067_02	E3	99	37	ANLN	LT0067_02_99	1	1	LT0067_02/LT0067_02_99_37.tif
214	LT0067_02	E3	99	77	ANLN	LT0067_02_99	1	1	LT0067_02/LT0067_02_99_77.tif
215	LT0067_02	E3	99	92	ANLN	LT0067_02_99	1	1	LT0067_02/LT0067_02_99_92.tif
216	LT0084_46	A3	3	46	ENSG00000138180	LT0084_46_3	1	1	LT0084_46/LT0084_46_3_46.tif
217	LT0084_46	A3	3	91	ENSG00000138180	LT0084_46_3	1	1	LT0084_46/LT0084_46_3_91.tif
218	LT0089_01	H7	175	39	ENSG00000159763	LT0089_01_175	1	1	LT0089_01/LT0089_01_175_39.tif
219	LT0093_13	G3	147	69	ENSG00000173227	LT0093_13_147	1	1	LT0093_13/LT0093_13_147_69.tif
220	LT0093_17	E18	114	88	ENSG00000174442	LT0093_17_114	1	1	LT0093_17/LT0093_17_114_88.tif
221	LT0098_13	A21	21	27	ENSG00000110675	LT0098_13_21	1	1	LT0098_13/LT0098_13_21_27.tif
222	LT0098_13	A21	21	33	ENSG00000110675	LT0098_13_21	1	1	LT0098_13/LT0098_13_21_33.tif
223	LT0132_31	C5	53	75	ENSG00000123416	LT0132_31_53	1	1	LT0132_31/LT0132_31_53_75.tif
224	LT0602_04	C11	59	49	PRC1	LT0602_04_59	1	1	LT0602_04/LT0602_04_59_49.tif
225	LT0023_04	A5	5	7	MYST1	LT0023_04_5	1	1	LT0023_04/LT0023_04_5_7.tif
226	LT0028_14	F9	129	13	CDKL5	LT0028_14_129	1	1	LT0028_14/LT0028_14_129_13.tif
227	LT0028_14	F9	129	14	CDKL5	LT0028_14_129	1	1	LT0028_14/LT0028_14_129_14.tif
228	LT0028_14	F9	129	15	CDKL5	LT0028_14_129	1	1	LT0028_14/LT0028_14_129_15.tif
229	LT0030_17	C10	58	33	OR2H1	LT0030_17_58	1	1	LT0030_17/LT0030_17_58_33.tif
230	LT0030_18	B10	34	62	VIPR1	LT0030_18_34	1	1	LT0030_18/LT0030_18_34_62.tif
231	LT0043_48	G22	166	65	OGG1	LT0043_48_166	1	1	LT0043_48/LT0043_48_166_65.tif
232	LT0048_13	C21	69	73	TOP1	LT0048_13_69	1	1	LT0048_13/LT0048_13_69_73.tif
233	LT0048_13	C21	69	74	TOP1	LT0048_13_69	1	1	LT0048_13/LT0048_13_69_74.tif
234	LT0153_01	N24	336	49	failed QC	LT0153_01_336	1	1	LT0153_01/LT0153_01_336_49.tif
235	LT0153_01	N24	336	50	failed QC	LT0153_01_336	1	1	LT0153_01/LT0153_01_336_50.tif
236	LT0153_01	N24	336	51	failed QC	LT0153_01_336	1	1	LT0153_01/LT0153_01_336_51.tif
237	LT0603_05	G16	160	49	ENSG00000164754	LT0603_05_160	1	1	LT0603_05/LT0603_05_160_49.tif
238	LT0067_02	E3	99	19	ANLN	LT0067_02_99	1	1	LT0067_02/LT0067_02_99_19.tif
239	LT0030_17	C10	58	36	OR2H1	LT0030_17_58	1	1	LT0030_17/LT0030_17_58_36.tif
240	LT0030_17	C10	58	56	OR2H1	LT0030_17_58	1	1	LT0030_17/LT0030_17_58_56.tif
241	LT0030_17	C10	58	78	OR2H1	LT0030_17_58	1	1	LT0030_17/LT0030_17_58_78.tif
242	LT0038_01	K5	245	22	ZADH1	LT0038_01_245	1	1	LT0038_01/LT0038_01_245_22.tif
243	LT0038_01	K5	245	40	ZADH1	LT0038_01_245	1	1	LT0038_01/LT0038_01_245_40.tif
244	LT0038_01	K5	245	46	ZADH1	LT0038_01_245	1	1	LT0038_01/LT0038_01_245_46.tif
245	LT0038_01	K5	245	49	ZADH1	LT0038_01_245	1	1	LT0038_01/LT0038_01_245_49.tif
246	LT0093_13	G3	147	75	ENSG00000173227	LT0093_13_147	1	1	LT0093_13/LT0093_13_147_75.tif
247	LT0094_04	N7	319	30	ENSG00000177426	LT0094_04_319	1	1	LT0094_04/LT0094_04_319_30.tif
248	LT0138_03	F7	127	49	ENSG00000116641	LT0138_03_127	1	1	LT0138_03/LT0138_03_127_49.tif
249	LT0026_22	I7	199	13	AVPR2	LT0026_22_199	1	1	LT0026_22/LT0026_22_199_13.tif
250	LT0043_48	G22	166	37	OGG1	LT0043_48_166	1	1	LT0043_48/LT0043_48_166_37.tif
251	LT0044_36	K9	249	61	WEE1	LT0044_36_249	1	1	LT0044_36/LT0044_36_249_61.tif
252	LT0093_17	E18	114	45	ENSG00000174442	LT0093_17_114	1	1	LT0093_17/LT0093_17_114_45.tif
253	LT0093_17	E18	114	46	ENSG00000174442	LT0093_17_114	1	1	LT0093_17/LT0093_17_114_46.tif
254	LT0093_17	E18	114	72	ENSG00000174442	LT0093_17_114	1	1	LT0093_17/LT0093_17_114_72.tif
255	LT0093_17	E18	114	79	ENSG00000174442	LT0093_17_114	1	1	LT0093_17/LT0093_17_114_79.tif
256	LT0093_17	E18	114	83	ENSG00000174442	LT0093_17_114	1	1	LT0093_17/LT0093_17_114_83.tif
257	LT0093_17	E18	114	87	ENSG00000174442	LT0093_17_114	1	1	LT0093_17/LT0093_17_114_87.tif
258	LT0096_33	K15	255	38	ENSG00000198517	LT0096_33_255	1	1	LT0096_33/LT0096_33_255_38.tif
259	LT0096_33	K15	255	49	ENSG00000198517	LT0096_33_255	1	1	LT0096_33/LT0096_33_255_49.tif
260	LT0096_33	K15	255	52	ENSG00000198517	LT0096_33_255	1	1	LT0096_33/LT0096_33_255_52.tif
261	LT0101_01	L13	277	79	failed QC	LT0101_01_277	1	1	LT0101_01/LT0101_01_277_79.tif
262	LT0603_05	G16	160	50	ENSG00000164754	LT0603_05_160	1	1	LT0603_05/LT0603_05_160_50.tif
263	LT0048_03	K14	254	73	ETFDH	LT0048_03_254	1	1	LT0048_03/LT0048_03_254_73.tif
264	LT0048_14	K14	254	74	ETFDH	LT0048_14_254	1	1	LT0048_14/LT0048_14_254_74.tif
265	LT0027_45	B24	48	13	failed QC	LT0027_45_48	1	1	LT0027_45/LT0027_45_48_13.tif
266	LT0027_45	D12	84	13	failed QC	LT0027_45_84	1	1	LT0027_45/LT0027_45_84_13.tif
267	LT0029_05	C12	60	33	failed QC	LT0029_05_60	1	1	LT0029_05/LT0029_05_60_33.tif
268	LT0038_27	K10	250	38	BUB1B	LT0038_27_250	1	1	LT0038_27/LT0038_27_250_38.tif
269	LT0078_05	A4	4	33	failed QC	LT0078_05_4	1	1	LT0078_05/LT0078_05_4_33.tif
270	LT0153_01	A13	13	81	failed QC	LT0153_01_13	1	1	LT0153_01/LT0153_01_13_81.tif
271	LT0601_01	J1	217	49	ABCB8	LT0601_01_217	1	1	LT0601_01/LT0601_01_217_49.tif
272	LT0603_03	A2	2	49	failed QC	LT0603_03_2	1	1	LT0603_03/LT0603_03_2_49.tif
